objectID,isHighlight,accessionNumber,accessionYear,isPublicDomain,primaryImage,primaryImageSmall,department,objectName,title,culture,period,dynasty,reign,portfolio,artistRole,artistPrefix,artistDisplayName,artistDisplayBio,artistSuffix,artistAlphaSort,artistNationality,artistBeginDate,artistEndDate,artistGender,artistWikidata_URL,artistULAN_URL,objectDate,objectBeginDate,objectEndDate,medium,dimensions,creditLine,geographyType,city,state,county,country,region,subregion,locale,locus,excavation,river,classification,rightsAndReproduction,linkResource,metadataDate,repository,objectURL,objectWikidata_URL,isTimelineWork,GalleryNumber,constituents.constituentID,constituents.role,constituents.name,constituents.constituentULAN_URL,constituents.constituentWikidata_URL,constituents.gender,measurements.elementName,measurements.elementDescription,measurements.elementMeasurements.Diameter,tags.term,tags.AAT_URL,tags.Wikidata_URL,measurements.elementMeasurements.Depth,measurements.elementMeasurements.Height,measurements.elementMeasurements.Width,measurements.elementMeasurements.Weight
1.0,False,1979.486.1,1979,False,,,The American Wing,Coin,One-dollar Liberty Head Coin,,,,,,Maker,,James Barton Longacre,"American, Delaware County, Pennsylvania 1794–1869 Philadelphia, Pennsylvania",,"Longacre, James Barton",American,1794,1869,,https://www.wikidata.org/wiki/Q3806459,http://vocab.getty.edu/page/ulan/500011409,1853,1853.0,1853.0,Gold,Dimensions unavailable,"Gift of Heinz L. Stoppelmann, 1979",,,,,,,,,,,,,,,2021-04-06T04:41:04.967Z,"Metropolitan Museum of Art, New York, NY",https://www.metmuseum.org/art/collection/search/1,,False,,164292.0,Maker,James Barton Longacre,http://vocab.getty.edu/page/ulan/500011409,https://www.wikidata.org/wiki/Q3806459,,,,,,,,,,,
2.0,False,1980.264.5,1980,False,,,The American Wing,Coin,Ten-dollar Liberty Head Coin,,,,,,Maker,,Christian Gobrecht,1785–1844,,"Gobrecht, Christian",,1785,1844,,https://www.wikidata.org/wiki/Q5109648,http://vocab.getty.edu/page/ulan/500077295,1901,1901.0,1901.0,Gold,Dimensions unavailable,"Gift of Heinz L. Stoppelmann, 1980",,,,,,,,,,,,,,,2021-04-06T04:41:04.967Z,"Metropolitan Museum of Art, New York, NY",https://www.metmuseum.org/art/collection/search/2,,False,,1079.0,Maker,Christian Gobrecht,http://vocab.getty.edu/page/ulan/500077295,https://www.wikidata.org/wiki/Q5109648,,,,,,,,,,,
3.0,False,67.265.9,1967,False,,,The American Wing,Coin,Two-and-a-Half Dollar Coin,,,,,,,,,,,,,,,,,,1909–27,1909.0,1927.0,Gold,Diam. 11/16 in. (1.7 cm),"Gift of C. Ruxton Love Jr., 1967",,,,,,,,,,,,,,,2021-04-06T04:41:04.967Z,"Metropolitan Museum of Art, New York, NY",https://www.metmuseum.org/art/collection/search/3,,False,,,,,,,,Other,Object diameter,1.7463,,,,,,,
4.0,False,67.265.10,1967,False,,,The American Wing,Coin,Two-and-a-Half Dollar Coin,,,,,,,,,,,,,,,,,,1909–27,1909.0,1927.0,Gold,Diam. 11/16 in. (1.7 cm),"Gift of C. Ruxton Love Jr., 1967",,,,,,,,,,,,,,,2021-04-06T04:41:04.967Z,"Metropolitan Museum of Art, New York, NY",https://www.metmuseum.org/art/collection/search/4,,False,,,,,,,,Other,Object diameter,1.7463,,,,,,,
5.0,False,67.265.11,1967,False,,,The American Wing,Coin,Two-and-a-Half Dollar Coin,,,,,,,,,,,,,,,,,,1909–27,1909.0,1927.0,Gold,Diam. 11/16 in. (1.7 cm),"Gift of C. Ruxton Love Jr., 1967",,,,,,,,,,,,,,,2021-04-06T04:41:04.967Z,"Metropolitan Museum of Art, New York, NY",https://www.metmuseum.org/art/collection/search/5,,False,,,,,,,,Other,Object diameter,1.7463,,,,,,,
6.0,False,67.265.12,1967,False,,,The American Wing,Coin,Two-and-a-Half Dollar Coin,,,,,,,,,,,,,,,,,,1909–27,1909.0,1927.0,Gold,Diam. 11/16 in. (1.7 cm),"Gift of C. Ruxton Love Jr., 1967",,,,,,,,,,,,,,,2021-04-06T04:41:04.967Z,"Metropolitan Museum of Art, New York, NY",https://www.metmuseum.org/art/collection/search/6,,False,,,,,,,,Other,Object diameter,1.7463,,,,,,,
7.0,False,67.265.13,1967,False,,,The American Wing,Coin,Two-and-a-Half Dollar Coin,,,,,,,,,,,,,,,,,,1909–27,1909.0,1927.0,Gold,Diam. 11/16 in. (1.7 cm),"Gift of C. Ruxton Love Jr., 1967",,,,,,,,,,,,,,,2021-04-06T04:41:04.967Z,"Metropolitan Museum of Art, New York, NY",https://www.metmuseum.org/art/collection/search/7,,False,,,,,,,,Other,Object diameter,1.7463,Birds,http://vocab.getty.edu/page/aat/300266506,https://www.wikidata.org/wiki/Q5113,,,,
8.0,False,67.265.14,1967,False,,,The American Wing,Coin,Two-and-a-Half Dollar Coin,,,,,,,,,,,,,,,,,,1909–27,1909.0,1927.0,Gold,Diam. 11/16 in. (1.7 cm),"Gift of C. Ruxton Love Jr., 1967",,,,,,,,,,,,,,,2021-04-06T04:41:04.967Z,"Metropolitan Museum of Art, New York, NY",https://www.metmuseum.org/art/collection/search/8,,False,,,,,,,,Other,Object diameter,1.7463,Coins,http://vocab.getty.edu/page/aat/300037222,https://www.wikidata.org/wiki/Q41207,,,,
9.0,False,67.265.15,1967,False,,,The American Wing,Coin,Two-and-a-Half Dollar Coin,,,,,,,,,,,,,,,,,,1909–27,1909.0,1927.0,Gold,Diam. 11/16 in. (1.7 cm),"Gift of C. Ruxton Love Jr., 1967",,,,,,,,,,,,,,,2021-04-06T04:41:04.967Z,"Metropolitan Museum of Art, New York, NY",https://www.metmuseum.org/art/collection/search/9,,False,,,,,,,,Other,Object diameter,1.7463,Men,http://vocab.getty.edu/page/aat/300025928,https://www.wikidata.org/wiki/Q8441,,,,
10.0,False,1979.486.3,1979,False,,,The American Wing,Coin,Two-and-a-half-dollar Indian Head Coin,,,,,,Maker,,Bela Lyon Pratt,1867–1917,,"Pratt, Bela Lyon",,1867,1917,,https://www.wikidata.org/wiki/Q4881787,http://vocab.getty.edu/page/ulan/500095555,1912,1912.0,1912.0,Gold,Dimensions unavailable,"Gift of Heinz L. Stoppelmann, 1979",,,,,,,,,,,,,,,2021-04-06T04:41:04.967Z,"Metropolitan Museum of Art, New York, NY",https://www.metmuseum.org/art/collection/search/10,,False,,,,,,,,Other,Object diameter,1.7463,Profiles,http://vocab.getty.edu/page/aat/300123319,https://www.wikidata.org/wiki/Q4382010,,,,
11.0,False,1979.486.2,1979,False,,,The American Wing,Coin,Two-and-a-half-dollar Liberty Head Coin,,,,,,Maker,,Christian Gobrecht,1785–1844,,"Gobrecht, Christian",,1785,1844,,https://www.wikidata.org/wiki/Q5109648,http://vocab.getty.edu/page/ulan/500077295,1907,1907.0,1907.0,Gold,Dimensions unavailable,"Gift of Heinz L. Stoppelmann, 1979",,,,,,,,,,,,,,,2021-04-06T04:41:04.967Z,"Metropolitan Museum of Art, New York, NY",https://www.metmuseum.org/art/collection/search/11,,False,,,,,,,,Other,Object diameter,1.7463,Eagles,http://vocab.getty.edu/page/aat/300250049,https://www.wikidata.org/wiki/Q2092297,,,,
12.0,False,1979.486.7,1979,False,,,The American Wing,Coin,Twenty-dollar Liberty Head Coin,,,,,,Maker,,James Barton Longacre,"American, Delaware County, Pennsylvania 1794–1869 Philadelphia, Pennsylvania",,"Longacre, James Barton",American,1794,1869,,https://www.wikidata.org/wiki/Q3806459,http://vocab.getty.edu/page/ulan/500011409,1876,1876.0,1876.0,Gold,Dimensions unavailable,"Gift of Heinz L. Stoppelmann, 1979",,,,,,,,,,,,,,,2021-04-06T04:41:04.967Z,"Metropolitan Museum of Art, New York, NY",https://www.metmuseum.org/art/collection/search/12,,False,,,,,,,,Other,Object diameter,1.7463,,,,,,,
13.0,False,1979.486.4,1979,False,,,The American Wing,Coin,Five-dollar Indian Head Coin,,,,,,Maker,,Bela Lyon Pratt,1867–1917,,"Pratt, Bela Lyon",,1867,1917,,https://www.wikidata.org/wiki/Q4881787,http://vocab.getty.edu/page/ulan/500095555,1910,1910.0,1910.0,Gold,Dimensions unavailable,"Gift of Heinz L. Stoppelmann, 1979",,,,,,,,,,,,,,,2021-04-06T04:41:04.967Z,"Metropolitan Museum of Art, New York, NY",https://www.metmuseum.org/art/collection/search/13,,False,,1080.0,Maker,Bela Lyon Pratt,http://vocab.getty.edu/page/ulan/500095555,https://www.wikidata.org/wiki/Q4881787,,Other,Object diameter,1.7,,,,,,,
14.0,False,1979.486.5,1979,False,,,The American Wing,Coin,Five-dollar Liberty Head Coin,,,,,,Maker,,Christian Gobrecht,1785–1844,,"Gobrecht, Christian",,1785,1844,,https://www.wikidata.org/wiki/Q5109648,http://vocab.getty.edu/page/ulan/500077295,1907,1907.0,1907.0,Gold,Dimensions unavailable,"Gift of Heinz L. Stoppelmann, 1979",,,,,,,,,,,,,,,2021-04-06T04:41:04.967Z,"Metropolitan Museum of Art, New York, NY",https://www.metmuseum.org/art/collection/search/14,,False,,1079.0,Maker,Christian Gobrecht,http://vocab.getty.edu/page/ulan/500077295,https://www.wikidata.org/wiki/Q5109648,,Other,Object diameter,1.7,,,,,,,
15.0,False,16.74.49,1916,False,,,The American Wing,Coin,"Coin, 1/2 Real",Mexican,,,,,,,,,,,,,,,,,1665–1700,1665.0,1700.0,Silver,Diam. 1/2 in. (1.3 cm),"Gift of Mrs. Russell Sage, 1916",Made in,,,,Mexico,,,,,,,,,,2021-04-06T04:41:04.967Z,"Metropolitan Museum of Art, New York, NY",https://www.metmuseum.org/art/collection/search/15,,False,,164292.0,Maker,James Barton Longacre,http://vocab.getty.edu/page/ulan/500011409,https://www.wikidata.org/wiki/Q3806459,,Other,Object diameter,1.7,,,,,,,
16.0,False,16.74.27,1916,False,,,The American Wing,Peso,"Coin, 1/4 Peso",Mexican,,,,,,,,,,,,,,,,,1800–1900,1800.0,1900.0,Bronze or copper,Diam. 1 1/8 in. (2.9 cm),"Gift of Mrs. Russell Sage, 1916",Made in,,,,Mexico,,,,,,,,,,2021-04-06T04:41:04.967Z,"Metropolitan Museum of Art, New York, NY",https://www.metmuseum.org/art/collection/search/16,,False,,1080.0,Maker,Bela Lyon Pratt,http://vocab.getty.edu/page/ulan/500095555,https://www.wikidata.org/wiki/Q4881787,,Other,Object diameter,1.7,,,,,,,
17.0,False,16.74.28,1916,False,,,The American Wing,Peso,"Coin, 1/4 Peso",Mexican,,,,,,,,,,,,,,,,,1867,1867.0,1867.0,Bronze or copper,Diam. 1 1/8 in. (2.9 cm),"Gift of Mrs. Russell Sage, 1916",Made in,,,,Mexico,,,,,,,,,,2021-04-06T04:41:04.967Z,"Metropolitan Museum of Art, New York, NY",https://www.metmuseum.org/art/collection/search/17,,False,,1079.0,Maker,Christian Gobrecht,http://vocab.getty.edu/page/ulan/500077295,https://www.wikidata.org/wiki/Q5109648,,Other,Object diameter,1.7,,,,,,,
18.0,False,16.74.29,1916,False,,,The American Wing,Peso,"Coin, 1/4 Peso",Mexican,,,,,,,,,,,,,,,,,1860,1860.0,1860.0,Bronze or copper,Diam. 1 1/8 in. (2.9 cm),"Gift of Mrs. Russell Sage, 1916",Made in,,,,Mexico,,,,,,,,,,2021-04-06T04:41:04.967Z,"Metropolitan Museum of Art, New York, NY",https://www.metmuseum.org/art/collection/search/18,,False,,,,,,,,Other,Object diameter,1.27,,,,,,,
19.0,False,16.74.30,1916,False,,,The American Wing,Peso,"Coin, 1/4 Peso",Mexican,,,,,,,,,,,,,,,,,1859,1859.0,1859.0,Bronze or copper,Diam. 1 1/8 in. (2.9 cm),"Gift of Mrs. Russell Sage, 1916",Made in,,,,Mexico,,,,,,,,,,2021-04-06T04:41:04.967Z,"Metropolitan Museum of Art, New York, NY",https://www.metmuseum.org/art/collection/search/19,,False,,,,,,,,Other,Object diameter,2.8575,,,,,,,
20.0,False,16.74.31,1916,False,,,The American Wing,Peso,"Coin, 1/4 Peso",Mexican,,,,,,,,,,,,,,,,,1860,1860.0,1860.0,Bronze or copper,Diam. 1 1/8 in. (2.9 cm),"Gift of Mrs. Russell Sage, 1916",Made in,,,,Mexico,,,,,,,,,,2021-04-06T04:41:04.967Z,"Metropolitan Museum of Art, New York, NY",https://www.metmuseum.org/art/collection/search/20,,False,,,,,,,,Other,Object diameter,2.8575,,,,,,,
21.0,False,16.74.32,1916,False,,,The American Wing,Peso,"Coin, 1/4 Peso",Mexican,,,,,,,,,,,,,,,,,1859,1859.0,1859.0,Bronze or copper,Diam. 1 1/8 in. (2.9 cm),"Gift of Mrs. Russell Sage, 1916",Made in,,,,Mexico,,,,,,,,,,2021-04-06T04:41:04.967Z,"Metropolitan Museum of Art, New York, NY",https://www.metmuseum.org/art/collection/search/21,,False,,,,,,,,Other,Object diameter,2.8575,,,,,,,
22.0,False,16.74.43,1916,False,,,The American Wing,Coin,"Coin, 1/4 Real",Guatemalan,,,,,,,,,,,,,,,,,1881,1881.0,1881.0,Silver,Diam. 1/2 in. (1.3 cm),"Gift of Mrs. Russell Sage, 1916",Made in,,,,Guatemala,,,,,,,,,,2021-04-06T04:41:04.967Z,"Metropolitan Museum of Art, New York, NY",https://www.metmuseum.org/art/collection/search/22,,False,,,,,,,,Other,Object diameter,2.9,,,,,,,
23.0,False,16.74.44,1916,False,,,The American Wing,Coin,"Coin, 1/4 Real",Guatemalan,,,,,,,,,,,,,,,,,1878,1878.0,1878.0,Silver,Diam. 1/2 in. (1.3 cm),"Gift of Mrs. Russell Sage, 1916",Made in,,,,Guatemala,,,,,,,,,,2021-04-06T04:41:04.967Z,"Metropolitan Museum of Art, New York, NY",https://www.metmuseum.org/art/collection/search/23,,False,,,,,,,,Other,Object diameter,2.9,,,,,,,
24.0,False,16.74.33,1916,False,,,The American Wing,Centavos,"Coin, 10 Centavos",Mexican,,,,,,,,,,,,,,,,,1860–70,1860.0,1870.0,Nickel,Diam. 3/4 in. (1.9 cm),"Gift of Mrs. Russell Sage, 1916",Made in,,,,Mexico,,,,,,,,,,2021-04-06T04:41:04.967Z,"Metropolitan Museum of Art, New York, NY",https://www.metmuseum.org/art/collection/search/24,,False,,,,,,,,Other,Object diameter,2.9,,,,,,,
25.0,False,16.74.34,1916,False,,,The American Wing,Centavos,"Coin, 10 Centavos",Mexican,,,,,,,,,,,,,,,,,1860–70,1860.0,1870.0,Nickel,Diam. 3/4 in. (1.9 cm),"Gift of Mrs. Russell Sage, 1916",Made in,,,,Mexico,,,,,,,,,,2021-04-06T04:41:04.967Z,"Metropolitan Museum of Art, New York, NY",https://www.metmuseum.org/art/collection/search/25,,False,,,,,,,,Other,Object diameter,1.27,,,,,,,
26.0,False,16.74.35,1916,False,,,The American Wing,Centavos,"Coin, 10 Centavos",Mexican,,,,,,,,,,,,,,,,,1860–70,1860.0,1870.0,Nickel,Diam. 3/4 in. (1.9 cm),"Gift of Mrs. Russell Sage, 1916",Made in,,,,Mexico,,,,,,,,,,2021-04-06T04:41:04.967Z,"Metropolitan Museum of Art, New York, NY",https://www.metmuseum.org/art/collection/search/26,,False,,,,,,,,Other,Object diameter,1.27,,,,,,,
27.0,False,16.74.36,1916,False,,,The American Wing,Centavos,"Coin, 10 Centavos",Mexican,,,,,,,,,,,,,,,,,1860–70,1860.0,1870.0,Nickel,Diam. 3/4 in. (1.9 cm),"Gift of Mrs. Russell Sage, 1916",Made in,,,,Mexico,,,,,,,,,,2021-04-06T04:41:04.967Z,"Metropolitan Museum of Art, New York, NY",https://www.metmuseum.org/art/collection/search/27,,False,,,,,,,,Other,Object diameter,1.905,,,,,,,
28.0,False,16.74.38,1916,False,,,The American Wing,Centavos,"Coin, 10 Centavos",Mexican,,,,,,,,,,,,,,,,,1860–70,1860.0,1870.0,Nickel,Diam. 3/4 in. (1.9 cm),"Gift of Mrs. Russell Sage, 1916",Made in,,,,Mexico,,,,,,,,,,2021-04-06T04:41:04.967Z,"Metropolitan Museum of Art, New York, NY",https://www.metmuseum.org/art/collection/search/28,,False,,,,,,,,Other,Object diameter,1.905,,,,,,,
29.0,False,16.74.39,1916,False,,,The American Wing,Centavos,"Coin, 10 Centavos",Mexican,,,,,,,,,,,,,,,,,1860–70,1860.0,1870.0,Nickel,Diam. 3/4 in. (1.9 cm),"Gift of Mrs. Russell Sage, 1916",Made in,,,,Mexico,,,,,,,,,,2021-04-06T04:41:04.967Z,"Metropolitan Museum of Art, New York, NY",https://www.metmuseum.org/art/collection/search/29,,False,,,,,,,,Other,Object diameter,1.905,,,,,,,
30.0,False,16.74.37,1916,False,,,The American Wing,Centavos,"Coin, 10 Centavos",Mexican,,,,,,,,,,,,,,,,,1885,1885.0,1885.0,Nickel,Diam. 3/4 in. (1.9 cm),"Gift of Mrs. Russell Sage, 1916",Made in,,,,Mexico,,,,,,,,,,2021-04-06T04:41:04.967Z,"Metropolitan Museum of Art, New York, NY",https://www.metmuseum.org/art/collection/search/30,,False,,,,,,,,Other,Object diameter,1.905,,,,,,,
31.0,False,16.74.40,1916,False,,,The American Wing,Centavos,"Coin, 10 Centavos",Mexican,,,,,,,,,,,,,,,,,1885,1885.0,1885.0,Nickel,Diam. 3/4 in. (1.9 cm),"Gift of Mrs. Russell Sage, 1916",Made in,,,,Mexico,,,,,,,,,,2021-04-06T04:41:04.967Z,"Metropolitan Museum of Art, New York, NY",https://www.metmuseum.org/art/collection/search/31,,False,,,,,,,,Other,Object diameter,1.905,,,,,,,
32.0,False,09.9.15,1909,False,,,The American Wing,Pesos,"Coin, 20 Pesos",Mexican,,,,,,,,,,,,,,,,,1866,1866.0,1866.0,Gold,Diam. 2 1/8 in. (5.4 cm),"Gift of H. R. Ickelheimer, 1909",Made in,,,,Mexico,,,,,,,,,,2021-04-06T04:41:04.967Z,"Metropolitan Museum of Art, New York, NY",https://www.metmuseum.org/art/collection/search/32,,False,,,,,,,,Other,Object diameter,1.905,,,,,,,
33.0,False,64.62,1964,False,,,The American Wing,Bust,Bust of Abraham Lincoln,American,,,,,Maker,,James Gillinder and Sons,"American, 1861–ca. 1930",,"Gillinder and Sons, James",American,1861,1930,,,,1876,1876.0,1876.0,Pressed glass,2 3/4 x 3 1/2 x 2 3/4 in. (7 x 8.9 x 7 cm),"Gift of Teunis G. B. Cortelyou, 1964",Made in,Philadelphia,Pennsylvania,,United States,Mid-Atlantic,,,,,,,,,2021-04-06T04:41:04.967Z,"Metropolitan Museum of Art, New York, NY",https://www.metmuseum.org/art/collection/search/33,,False,774,,,,,,,Other,Object diameter,1.905,,,,,,,
34.0,False,1970.289.6,1970,True,https://images.metmuseum.org/CRDImages/ad/original/204788.jpg,https://images.metmuseum.org/CRDImages/ad/web-large/204788.jpg,The American Wing,Clock,Acorn Clock,American,,,,,Maker,,Forestville Manufacturing Company,1835–1853,,Forestville Manufacturing Company,,1835,1853,,,,1847–50,1847.0,1850.0,"Mahogany, laminated",24 3/8 x 14 5/8 x 5 1/8 in. (61.9 x 37.1 x 13 cm),"Gift of Mrs. Paul Moore, 1970",Made in,Bristol,Connecticut,,United States,New England,,,,,,,,,2021-06-30T04:39:57.037Z,"Metropolitan Museum of Art, New York, NY",https://www.metmuseum.org/art/collection/search/34,,False,774,,,,,,,Other,Object diameter,1.905,,,,,,,
35.0,True,04.1a–c,1904,False,,,The American Wing,Vase,The Adams Vase,American,,,,,Designer,Designed by,Paulding Farnham,1859–1927,,"Farnham, Paulding",,1859,1927,,https://www.wikidata.org/wiki/Q13476260,http://vocab.getty.edu/page/ulan/500336597,1893–95,1893.0,1895.0,"Gold, amethysts, spessartites, tourmalines, fresh water pearls, quartzes, rock crystal, and enamel","Overall: 19 7/16 x 13 x 9 1/4 in. (49.4 x 33 x 23.5 cm); 352 oz. 18 dwt. (10977 g)
Body: H. 18 7/8 in. (47.9 cm)
Cover: 4 1/4 x 4 13/16 in. (10.8 x 12.2 cm); 19 oz. 6 dwt. (600.1 g)","Gift of Edward D. Adams, 1904",Made in,New York,New York,,United States,Mid-Atlantic,,,,,,,,,2021-04-06T04:41:04.967Z,"Metropolitan Museum of Art, New York, NY",https://www.metmuseum.org/art/collection/search/35,https://www.wikidata.org/wiki/Q83545838,True,706,,,,,,,Other,Object diameter,5.3975,,,,,,,
36.0,False,1976.319,1976,False,,,The American Wing,Side Chair,Side Chair,American,,,,,Maker,,Conrad Henninger,active ca. 1888–1932,,"Henninger, Conrad",,1885,1932,,,,ca. 1887,1884.0,1887.0,"Oak, tulip poplar",40 x 25 1/2 x 34 1/2 in. (101.6 x 64.8 x 87.6 cm),"Gift of Charlotte Pickman-Gertz, 1976",Made in,Lebanon,Pennsylvania,,United States,Mid-Atlantic,,,,,,,,,2021-04-06T04:41:04.967Z,"Metropolitan Museum of Art, New York, NY",https://www.metmuseum.org/art/collection/search/36,,False,774,164590.0,Maker,James Gillinder and Sons,,,,Overall,,,Abraham Lincoln,http://vocab.getty.edu/page/ulan/500344436,https://www.wikidata.org/wiki/Q91,7.0,7.0,8.9,
37.0,False,38.165.51,1938,True,https://images.metmuseum.org/CRDImages/ad/original/DP247752.jpg,https://images.metmuseum.org/CRDImages/ad/web-large/DP247752.jpg,The American Wing,Figure,Figure of Admiral George Rodney,British (American market),,,,,Maker,,Pierre Stephan,"French, active ca. 1770–95",,"Stephan, Pierre",French,1765,1795,,,http://vocab.getty.edu/page/ulan/500100483,ca. 1785,1782.0,1785.0,"Earthenware, basalt",H. 12 in. (30.5 cm),"Harris Brisbane Dick Fund, 1938",Made in,,,Staffordshire,England,West Midlands,,,,,,,,,2021-04-06T04:41:04.967Z,"Metropolitan Museum of Art, New York, NY",https://www.metmuseum.org/art/collection/search/37,,False,774,164590.0,Maker,James Gillinder and Sons,,,,Overall,,,Portraits,http://vocab.getty.edu/page/aat/300015637,https://www.wikidata.org/wiki/Q134307,7.0,7.0,8.9,
38.0,False,38.165.50,1938,True,https://images.metmuseum.org/CRDImages/ad/original/DP247753.jpg,https://images.metmuseum.org/CRDImages/ad/web-large/DP247753.jpg,The American Wing,Figure,Figure of Admiral Samuel Hood,British (American market),,,,,Maker,,Pierre Stephan,"French, active ca. 1770–95",,"Stephan, Pierre",French,1765,1795,,,http://vocab.getty.edu/page/ulan/500100483,ca. 1785,1782.0,1785.0,"Earthenware, basalt",H. 12 3/8 in. (31.4 cm),"Harris Brisbane Dick Fund, 1938",Made in,,,Staffordshire,England,West Midlands,,,,,,,,,2021-04-06T04:41:04.967Z,"Metropolitan Museum of Art, New York, NY",https://www.metmuseum.org/art/collection/search/38,,False,774,164590.0,Maker,James Gillinder and Sons,,,,Overall,,,Men,http://vocab.getty.edu/page/aat/300025928,https://www.wikidata.org/wiki/Q8441,7.0,7.0,8.9,
39.0,False,18.11.10,1918,True,https://images.metmuseum.org/CRDImages/ad/original/37808.jpg,https://images.metmuseum.org/CRDImages/ad/web-large/37808.jpg,The American Wing,Advertisement,Advertisement for Norwich Stone Ware Factory,American,,,,,,,,,,,,,,,,,1770–1800,1770.0,1800.0,Paper,11 x 9 in. (27.9 x 22.9 cm),"Rogers Fund, 1918",Made in,Norwich,Connecticut,,United States,New England,,,,,,,,,2021-04-06T04:41:04.967Z,"Metropolitan Museum of Art, New York, NY",https://www.metmuseum.org/art/collection/search/39,,False,,1082.0,Maker,Forestville Manufacturing Company,,,,Overall,,,Boats,http://vocab.getty.edu/page/aat/300178749,https://www.wikidata.org/wiki/Q35872,13.0175,61.9,37.1,
40.0,False,46.140.143,1946,True,https://images.metmuseum.org/CRDImages/ad/original/174118.jpg,https://images.metmuseum.org/CRDImages/ad/web-large/174118.jpg,The American Wing,Ale glass,Ale Glass,American,,,,,Maker,,New England Glass Company,"American, East Cambridge, Massachusetts, 1818–1888",,New England Glass Company,,1818,1888,,https://www.wikidata.org/wiki/Q17083157,http://vocab.getty.edu/page/ulan/500356007,1830–70,1830.0,1870.0,Pressed glass,H. 6 9/16 in. (16.7 cm); Diam. 3 in. (7.6 cm),"Gift of Mrs. Emily Winthrop Miles, 1946",Made in,East Cambridge,Massachusetts,,United States,New England,,,,,,,,,2021-04-06T04:41:04.967Z,"Metropolitan Museum of Art, New York, NY",https://www.metmuseum.org/art/collection/search/40,,False,774,1082.0,Maker,Forestville Manufacturing Company,,,,Overall,,,Landscapes,http://vocab.getty.edu/page/aat/300132294,https://www.wikidata.org/wiki/Q191163,13.0175,61.9,37.1,
41.0,False,46.140.864,1946,True,https://images.metmuseum.org/CRDImages/ad/original/187154.jpg,https://images.metmuseum.org/CRDImages/ad/web-large/187154.jpg,The American Wing,Ale glass,Ale Glass,American,,,,,Maker,,Union Glass Company,"American, Somerville, Massachusetts",,Union Glass Company,American,,,,,,1850–70,1850.0,1870.0,Pressed glass,H. 6 1/4 in. (15.9 cm); Diam. 2 15/16 in. (7.5 cm),"Gift of Mrs. Emily Winthrop Miles, 1946",Made in,Somerville,Massachusetts,,United States,New England,,,,,,,,,2021-04-06T04:41:04.967Z,"Metropolitan Museum of Art, New York, NY",https://www.metmuseum.org/art/collection/search/41,,False,774,1083.0,Designer,Designed by Paulding Farnham,http://vocab.getty.edu/page/ulan/500336597,https://www.wikidata.org/wiki/Q13476260,,Other,Cover,12.2238,Birds,http://vocab.getty.edu/page/aat/300266506,https://www.wikidata.org/wiki/Q5113,,10.795,,0.6001
42.0,False,60.58.1,1960,True,https://images.metmuseum.org/CRDImages/ad/original/172134.jpg,https://images.metmuseum.org/CRDImages/ad/web-large/172134.jpg,The American Wing,Andiron,Andiron,American,,,,,,,,,,,,,,,,,1795–1810,1795.0,1810.0,"Brass, iron",30 7/8 x 25 x 13 7/8 in. (78.4 x 63.5 x 35.2 cm),"Sansbury-Mills Fund, 1960",Made in,New York,New York,,United States,Mid-Atlantic,,,,,,,,,2021-04-06T04:41:04.967Z,"Metropolitan Museum of Art, New York, NY",https://www.metmuseum.org/art/collection/search/42,,False,724,1083.0,Designer,Designed by Paulding Farnham,http://vocab.getty.edu/page/ulan/500336597,https://www.wikidata.org/wiki/Q13476260,,Other,Cover,12.2238,Men,http://vocab.getty.edu/page/aat/300025928,https://www.wikidata.org/wiki/Q8441,,10.795,,0.6001
43.0,False,60.58.2,1960,True,https://images.metmuseum.org/CRDImages/ad/original/172134.jpg,https://images.metmuseum.org/CRDImages/ad/web-large/172134.jpg,The American Wing,Andiron,Andiron,American,,,,,,,,,,,,,,,,,1795–1810,1795.0,1810.0,"Brass, iron",30 7/8 x 25 x 13 7/8 in. (78.4 x 63.5 x 35.2 cm),"Sansbury-Mills Fund, 1960",Made in,New York,New York,,United States,Mid-Atlantic,,,,,,,,,2021-04-06T04:41:04.967Z,"Metropolitan Museum of Art, New York, NY",https://www.metmuseum.org/art/collection/search/43,,False,724,1083.0,Designer,Designed by Paulding Farnham,http://vocab.getty.edu/page/ulan/500336597,https://www.wikidata.org/wiki/Q13476260,,Other,Cover,12.2238,Animals,http://vocab.getty.edu/page/aat/300249525,https://www.wikidata.org/wiki/Q729,,10.795,,0.6001
44.0,False,10.125.444a,1910,True,https://images.metmuseum.org/CRDImages/ad/original/17342.jpg,https://images.metmuseum.org/CRDImages/ad/web-large/17342.jpg,The American Wing,Andiron,Andiron,,,,,,,,,,,,,,,,,,ca. 1790,1787.0,1790.0,Brass,H. 27 in. (68.6 cm),"Gift of Mrs. Russell Sage, 1909",,,,,,,,,,,,,,,2021-04-06T04:41:04.967Z,"Metropolitan Museum of Art, New York, NY",https://www.metmuseum.org/art/collection/search/44,,False,774,1083.0,Designer,Designed by Paulding Farnham,http://vocab.getty.edu/page/ulan/500336597,https://www.wikidata.org/wiki/Q13476260,,Other,Cover,12.2238,Garlands,http://vocab.getty.edu/page/aat/300167386,https://www.wikidata.org/wiki/Q756600,,10.795,,0.6001
45.0,False,10.125.444b,1910,True,https://images.metmuseum.org/CRDImages/ad/original/17342.jpg,https://images.metmuseum.org/CRDImages/ad/web-large/17342.jpg,The American Wing,Andiron,Andiron,,,,,,,,,,,,,,,,,,ca. 1790,1787.0,1790.0,Brass,H. 27 in. (68.6 cm),"Gift of Mrs. Russell Sage, 1909",,,,,,,,,,,,,,,2021-04-06T04:41:04.967Z,"Metropolitan Museum of Art, New York, NY",https://www.metmuseum.org/art/collection/search/45,,False,774,1083.0,Designer,Designed by Paulding Farnham,http://vocab.getty.edu/page/ulan/500336597,https://www.wikidata.org/wiki/Q13476260,,Other,Body,,Birds,http://vocab.getty.edu/page/aat/300266506,https://www.wikidata.org/wiki/Q5113,,47.9426,,
46.0,False,10.125.445a,1910,True,https://images.metmuseum.org/CRDImages/ad/original/12875.jpg,https://images.metmuseum.org/CRDImages/ad/web-large/12875.jpg,The American Wing,Andiron,Andiron,,,,,,,,,,,,,,,,,,1700–1800,1700.0,1800.0,Brass,H. 16 in. (40.6 cm),"Gift of Mrs. Russell Sage, 1909",,,,,,,,,,,,,,,2021-04-06T04:41:04.967Z,"Metropolitan Museum of Art, New York, NY",https://www.metmuseum.org/art/collection/search/46,,False,,1083.0,Designer,Designed by Paulding Farnham,http://vocab.getty.edu/page/ulan/500336597,https://www.wikidata.org/wiki/Q13476260,,Other,Body,,Men,http://vocab.getty.edu/page/aat/300025928,https://www.wikidata.org/wiki/Q8441,,47.9426,,
47.0,False,10.125.445b,1910,True,https://images.metmuseum.org/CRDImages/ad/original/12875.jpg,https://images.metmuseum.org/CRDImages/ad/web-large/12875.jpg,The American Wing,Andiron,Andiron,,,,,,,,,,,,,,,,,,1700–1800,1700.0,1800.0,Brass,H. 16 in. (40.6 cm),"Gift of Mrs. Russell Sage, 1909",,,,,,,,,,,,,,,2021-04-06T04:41:04.967Z,"Metropolitan Museum of Art, New York, NY",https://www.metmuseum.org/art/collection/search/47,,False,,1083.0,Designer,Designed by Paulding Farnham,http://vocab.getty.edu/page/ulan/500336597,https://www.wikidata.org/wiki/Q13476260,,Other,Body,,Animals,http://vocab.getty.edu/page/aat/300249525,https://www.wikidata.org/wiki/Q729,,47.9426,,
48.0,False,10.125.446a,1910,False,,,The American Wing,Andiron,Andiron,,,,,,,,,,,,,,,,,,1770–1800,1770.0,1800.0,Iron,H. 17 in. (43.2 cm),"Gift of Mrs. Russell Sage, 1909",,,,,,,,,,,,,,,2021-04-06T04:41:04.967Z,"Metropolitan Museum of Art, New York, NY",https://www.metmuseum.org/art/collection/search/48,,False,774,1083.0,Designer,Designed by Paulding Farnham,http://vocab.getty.edu/page/ulan/500336597,https://www.wikidata.org/wiki/Q13476260,,Other,Body,,Garlands,http://vocab.getty.edu/page/aat/300167386,https://www.wikidata.org/wiki/Q756600,,47.9426,,
49.0,False,10.125.446b,1910,False,,,The American Wing,Andiron,Andiron,,,,,,,,,,,,,,,,,,1770–1800,1770.0,1800.0,Iron,H. 17 in. (43.2 cm),"Gift of Mrs. Russell Sage, 1909",,,,,,,,,,,,,,,2021-04-06T04:41:04.967Z,"Metropolitan Museum of Art, New York, NY",https://www.metmuseum.org/art/collection/search/49,,False,774,1083.0,Designer,Designed by Paulding Farnham,http://vocab.getty.edu/page/ulan/500336597,https://www.wikidata.org/wiki/Q13476260,,Overall,,,Birds,http://vocab.getty.edu/page/aat/300266506,https://www.wikidata.org/wiki/Q5113,23.495,49.3713,33.0,10.977
50.0,False,10.125.447a,1910,True,https://images.metmuseum.org/CRDImages/ad/original/130480.jpg,https://images.metmuseum.org/CRDImages/ad/web-large/130480.jpg,The American Wing,Andiron,Andiron,,,,,,,,,,,,,,,,,,1770–1800,1770.0,1800.0,Iron,H. 11 1/2 in. (29.2 cm),"Gift of Mrs. Russell Sage, 1909",,,,,,,,,,,,,,,2021-04-06T04:41:04.967Z,"Metropolitan Museum of Art, New York, NY",https://www.metmuseum.org/art/collection/search/50,,False,774,1083.0,Designer,Designed by Paulding Farnham,http://vocab.getty.edu/page/ulan/500336597,https://www.wikidata.org/wiki/Q13476260,,Overall,,,Men,http://vocab.getty.edu/page/aat/300025928,https://www.wikidata.org/wiki/Q8441,23.495,49.3713,33.0,10.977
51.0,False,10.125.447b,1910,True,https://images.metmuseum.org/CRDImages/ad/original/130480.jpg,https://images.metmuseum.org/CRDImages/ad/web-large/130480.jpg,The American Wing,Andiron,Andiron,,,,,,,,,,,,,,,,,,1770–1800,1770.0,1800.0,Iron,H. 11 1/2 in. (29.2 cm),"Gift of Mrs. Russell Sage, 1909",,,,,,,,,,,,,,,2021-04-06T04:41:04.967Z,"Metropolitan Museum of Art, New York, NY",https://www.metmuseum.org/art/collection/search/51,,False,774,1083.0,Designer,Designed by Paulding Farnham,http://vocab.getty.edu/page/ulan/500336597,https://www.wikidata.org/wiki/Q13476260,,Overall,,,Animals,http://vocab.getty.edu/page/aat/300249525,https://www.wikidata.org/wiki/Q729,23.495,49.3713,33.0,10.977
52.0,False,10.125.452a,1910,True,https://images.metmuseum.org/CRDImages/ad/original/12875.jpg,https://images.metmuseum.org/CRDImages/ad/web-large/12875.jpg,The American Wing,Andiron,Andiron,,,,,,,,,,,,,,,,,,1700–1800,1700.0,1800.0,Bell metal,H. 16 1/2 in. (41.9 cm),"Gift of Mrs. Russell Sage, 1909",,,,,,,,,,,,,,,2021-04-06T04:41:04.967Z,"Metropolitan Museum of Art, New York, NY",https://www.metmuseum.org/art/collection/search/52,,False,,1083.0,Designer,Designed by Paulding Farnham,http://vocab.getty.edu/page/ulan/500336597,https://www.wikidata.org/wiki/Q13476260,,Overall,,,Garlands,http://vocab.getty.edu/page/aat/300167386,https://www.wikidata.org/wiki/Q756600,23.495,49.3713,33.0,10.977
53.0,False,10.125.452b,1910,True,https://images.metmuseum.org/CRDImages/ad/original/12875.jpg,https://images.metmuseum.org/CRDImages/ad/web-large/12875.jpg,The American Wing,Andiron,Andiron,,,,,,,,,,,,,,,,,,1700–1800,1700.0,1800.0,Bell metal,H. 16 1/2 in. (41.9 cm),"Gift of Mrs. Russell Sage, 1909",,,,,,,,,,,,,,,2021-04-06T04:41:04.967Z,"Metropolitan Museum of Art, New York, NY",https://www.metmuseum.org/art/collection/search/53,,False,774,162539.0,Manufacturer,Manufactured by Tiffany &amp; Co.,http://vocab.getty.edu/page/ulan/500330306,https://www.wikidata.org/wiki/Q1066858,,Other,Cover,12.2238,Birds,http://vocab.getty.edu/page/aat/300266506,https://www.wikidata.org/wiki/Q5113,,10.795,,0.6001
56.0,False,10.125.454a,1910,True,https://images.metmuseum.org/CRDImages/ad/original/12875.jpg,https://images.metmuseum.org/CRDImages/ad/web-large/12875.jpg,The American Wing,Andiron,Andiron,,,,,,,,,,,,,,,,,,1800–1830,1800.0,1830.0,Bell metal,H. 23 in. (58.4 cm),"Gift of Mrs. Russell Sage, 1909",,,,,,,,,,,,,,,2021-04-06T04:41:04.967Z,"Metropolitan Museum of Art, New York, NY",https://www.metmuseum.org/art/collection/search/56,,False,774,162539.0,Manufacturer,Manufactured by Tiffany &amp; Co.,http://vocab.getty.edu/page/ulan/500330306,https://www.wikidata.org/wiki/Q1066858,,Other,Cover,12.2238,Men,http://vocab.getty.edu/page/aat/300025928,https://www.wikidata.org/wiki/Q8441,,10.795,,0.6001
57.0,False,10.125.454b,1910,True,https://images.metmuseum.org/CRDImages/ad/original/12875.jpg,https://images.metmuseum.org/CRDImages/ad/web-large/12875.jpg,The American Wing,Andiron,Andiron,,,,,,,,,,,,,,,,,,1800–1830,1800.0,1830.0,Bell metal,H. 23 in. (58.4 cm),"Gift of Mrs. Russell Sage, 1909",,,,,,,,,,,,,,,2021-04-06T04:41:04.967Z,"Metropolitan Museum of Art, New York, NY",https://www.metmuseum.org/art/collection/search/57,,False,774,162539.0,Manufacturer,Manufactured by Tiffany &amp; Co.,http://vocab.getty.edu/page/ulan/500330306,https://www.wikidata.org/wiki/Q1066858,,Other,Cover,12.2238,Animals,http://vocab.getty.edu/page/aat/300249525,https://www.wikidata.org/wiki/Q729,,10.795,,0.6001
58.0,False,10.125.499a,1910,False,,,The American Wing,Andiron,Andiron,,,,,,,,,,,,,,,,,,1800–1900,1800.0,1900.0,Iron,H. 16 in. (40.6 cm),"Gift of Mrs. Russell Sage, 1909",,,,,,,,,,,,,,,2021-04-06T04:41:04.967Z,"Metropolitan Museum of Art, New York, NY",https://www.metmuseum.org/art/collection/search/58,,False,,162539.0,Manufacturer,Manufactured by Tiffany &amp; Co.,http://vocab.getty.edu/page/ulan/500330306,https://www.wikidata.org/wiki/Q1066858,,Other,Cover,12.2238,Garlands,http://vocab.getty.edu/page/aat/300167386,https://www.wikidata.org/wiki/Q756600,,10.795,,0.6001
59.0,False,10.125.499b,1910,False,,,The American Wing,Andiron,Andiron,,,,,,,,,,,,,,,,,,1800–1900,1800.0,1900.0,Iron,H. 16 in. (40.6 cm),"Gift of Mrs. Russell Sage, 1909",,,,,,,,,,,,,,,2021-04-06T04:41:04.967Z,"Metropolitan Museum of Art, New York, NY",https://www.metmuseum.org/art/collection/search/59,,False,,162539.0,Manufacturer,Manufactured by Tiffany &amp; Co.,http://vocab.getty.edu/page/ulan/500330306,https://www.wikidata.org/wiki/Q1066858,,Other,Body,,Birds,http://vocab.getty.edu/page/aat/300266506,https://www.wikidata.org/wiki/Q5113,,47.9426,,
62.0,False,22.120.1,1922,True,https://images.metmuseum.org/CRDImages/ad/original/50662.jpg,https://images.metmuseum.org/CRDImages/ad/web-large/50662.jpg,The American Wing,Andiron,Andiron,,,,,,,,,,,,,,,,,,ca. 1800,1797.0,1800.0,Brass,22 1/2 x 23 in. (57.2 x 58.4 cm),"Rogers Fund, 1922",,,,,,,,,,,,,,,2021-04-06T04:41:04.967Z,"Metropolitan Museum of Art, New York, NY",https://www.metmuseum.org/art/collection/search/62,,False,741,162539.0,Manufacturer,Manufactured by Tiffany &amp; Co.,http://vocab.getty.edu/page/ulan/500330306,https://www.wikidata.org/wiki/Q1066858,,Other,Body,,Men,http://vocab.getty.edu/page/aat/300025928,https://www.wikidata.org/wiki/Q8441,,47.9426,,
63.0,False,22.120.2,1922,True,https://images.metmuseum.org/CRDImages/ad/original/50662.jpg,https://images.metmuseum.org/CRDImages/ad/web-large/50662.jpg,The American Wing,Andiron,Andiron,,,,,,,,,,,,,,,,,,ca. 1800,1797.0,1800.0,Brass,22 1/2 x 23 in. (57.2 x 58.4 cm),"Rogers Fund, 1922",,,,,,,,,,,,,,,2021-04-06T04:41:04.967Z,"Metropolitan Museum of Art, New York, NY",https://www.metmuseum.org/art/collection/search/63,,False,741,162539.0,Manufacturer,Manufactured by Tiffany &amp; Co.,http://vocab.getty.edu/page/ulan/500330306,https://www.wikidata.org/wiki/Q1066858,,Other,Body,,Animals,http://vocab.getty.edu/page/aat/300249525,https://www.wikidata.org/wiki/Q729,,47.9426,,
64.0,False,23.80.14,1923,True,https://images.metmuseum.org/CRDImages/ad/original/52601.jpg,https://images.metmuseum.org/CRDImages/ad/web-large/52601.jpg,The American Wing,Andiron,Andiron,American,,,,,,,,,,,,,,,,,1795–1810,1795.0,1810.0,"Brass, iron",25 1/4 x 21 1/2 x 13 1/2 in. (64.1 x 54.6 x 34.3 cm),"Gift of Mr. and Mrs. William A. Moore, 1923",Made in,New York,New York,,United States,Mid-Atlantic,,,,,,,,,2021-04-06T04:41:04.967Z,"Metropolitan Museum of Art, New York, NY",https://www.metmuseum.org/art/collection/search/64,,False,728,162539.0,Manufacturer,Manufactured by Tiffany &amp; Co.,http://vocab.getty.edu/page/ulan/500330306,https://www.wikidata.org/wiki/Q1066858,,Other,Body,,Garlands,http://vocab.getty.edu/page/aat/300167386,https://www.wikidata.org/wiki/Q756600,,47.9426,,
65.0,False,23.80.15,1923,True,https://images.metmuseum.org/CRDImages/ad/original/52601.jpg,https://images.metmuseum.org/CRDImages/ad/web-large/52601.jpg,The American Wing,Andiron,Andiron,American,,,,,,,,,,,,,,,,,1795–1810,1795.0,1810.0,"Brass, iron",25 1/4 x 21 1/2 x 13 1/2 in. (64.1 x 54.6 x 34.3 cm),"Gift of Mr. and Mrs. William A. Moore, 1923",Made in,New York,New York,,United States,Mid-Atlantic,,,,,,,,,2021-04-06T04:41:04.967Z,"Metropolitan Museum of Art, New York, NY",https://www.metmuseum.org/art/collection/search/65,,False,728,162539.0,Manufacturer,Manufactured by Tiffany &amp; Co.,http://vocab.getty.edu/page/ulan/500330306,https://www.wikidata.org/wiki/Q1066858,,Overall,,,Birds,http://vocab.getty.edu/page/aat/300266506,https://www.wikidata.org/wiki/Q5113,23.495,49.3713,33.0,10.977
68.0,False,30.120.83,1930,True,https://images.metmuseum.org/CRDImages/ad/original/81112.jpg,https://images.metmuseum.org/CRDImages/ad/web-large/81112.jpg,The American Wing,Andiron,Andiron,,,,,,,,,,,,,,,,,,1760–80,1760.0,1780.0,"Brass, iron",H. 23 1/2 in. (59.7 cm),"The Sylmaris Collection, Gift of George Coe Graves, 1930",,,,,,,,,,,,,,,2021-06-22T04:40:18.937Z,"Metropolitan Museum of Art, New York, NY",https://www.metmuseum.org/art/collection/search/68,,False,719,162539.0,Manufacturer,Manufactured by Tiffany &amp; Co.,http://vocab.getty.edu/page/ulan/500330306,https://www.wikidata.org/wiki/Q1066858,,Overall,,,Men,http://vocab.getty.edu/page/aat/300025928,https://www.wikidata.org/wiki/Q8441,23.495,49.3713,33.0,10.977
69.0,False,30.120.84,1930,True,https://images.metmuseum.org/CRDImages/ad/original/81112.jpg,https://images.metmuseum.org/CRDImages/ad/web-large/81112.jpg,The American Wing,Andiron,Andiron,,,,,,,,,,,,,,,,,,1760–80,1760.0,1780.0,"Brass, iron",H. 23 1/2 in. (59.7 cm),"The Sylmaris Collection, Gift of George Coe Graves, 1930",,,,,,,,,,,,,,,2021-06-22T04:40:18.937Z,"Metropolitan Museum of Art, New York, NY",https://www.metmuseum.org/art/collection/search/69,,False,719,162539.0,Manufacturer,Manufactured by Tiffany &amp; Co.,http://vocab.getty.edu/page/ulan/500330306,https://www.wikidata.org/wiki/Q1066858,,Overall,,,Animals,http://vocab.getty.edu/page/aat/300249525,https://www.wikidata.org/wiki/Q729,23.495,49.3713,33.0,10.977
70.0,False,34.90.1,1934,True,https://images.metmuseum.org/CRDImages/ad/original/98546.jpg,https://images.metmuseum.org/CRDImages/ad/web-large/98546.jpg,The American Wing,Andiron,Andiron,,,,,,,,,,,,,,,,,,1750–65,1750.0,1765.0,"Bell metal, possibly iron",18 1/2 x 22 1/4 x 13 1/2 in. (47 x 56.5 x 34.3 cm),"Rogers Fund, 1934",,,,,,,,,,,,,,,2021-04-06T04:41:04.967Z,"Metropolitan Museum of Art, New York, NY",https://www.metmuseum.org/art/collection/search/70,,False,774,162539.0,Manufacturer,Manufactured by Tiffany &amp; Co.,http://vocab.getty.edu/page/ulan/500330306,https://www.wikidata.org/wiki/Q1066858,,Overall,,,Garlands,http://vocab.getty.edu/page/aat/300167386,https://www.wikidata.org/wiki/Q756600,23.495,49.3713,33.0,10.977
71.0,False,34.90.2,1934,True,https://images.metmuseum.org/CRDImages/ad/original/98546.jpg,https://images.metmuseum.org/CRDImages/ad/web-large/98546.jpg,The American Wing,Andiron,Andiron,,,,,,,,,,,,,,,,,,1750–65,1750.0,1765.0,"Bell metal, possibly iron",18 1/2 x 22 1/4 x 13 1/2 in. (47 x 56.5 x 34.3 cm),"Rogers Fund, 1934",,,,,,,,,,,,,,,2021-04-06T04:41:04.967Z,"Metropolitan Museum of Art, New York, NY",https://www.metmuseum.org/art/collection/search/71,,False,774,1085.0,Maker,Conrad Henninger,,,,Overall,,,,,,87.6302,101.6,64.8,
72.0,False,36.31.1,1936,False,,,The American Wing,Andiron,Andiron,American,,,,,,,,,,,,,,,,,1750–80,1750.0,1780.0,"Brass, iron",21 x 21 x 13 1/2 in. (53.3 x 53.3 x 34.3 cm),"Morris K. Jesup Fund, 1936",Made in,Philadelphia,Pennsylvania,,United States,Mid-Atlantic,,,,,,,,,2021-04-06T04:41:04.967Z,"Metropolitan Museum of Art, New York, NY",https://www.metmuseum.org/art/collection/search/72,,False,774,164285.0,Maker,Pierre Stephan,http://vocab.getty.edu/page/ulan/500100483,,,Overall,,,Cannons,http://vocab.getty.edu/page/aat/300036936,https://www.wikidata.org/wiki/Q81103,,30.5,,
73.0,False,36.31.2,1936,False,,,The American Wing,Andiron,Andiron,American,,,,,,,,,,,,,,,,,1750–80,1750.0,1780.0,"Brass, iron",21 x 21 x 13 1/2 in. (53.3 x 53.3 x 34.3 cm),"Morris K. Jesup Fund, 1936",Made in,Philadelphia,Pennsylvania,,United States,Mid-Atlantic,,,,,,,,,2021-04-06T04:41:04.967Z,"Metropolitan Museum of Art, New York, NY",https://www.metmuseum.org/art/collection/search/73,,False,774,164285.0,Maker,Pierre Stephan,http://vocab.getty.edu/page/ulan/500100483,,,Overall,,,Swords,http://vocab.getty.edu/page/aat/300037048,https://www.wikidata.org/wiki/Q12791,,30.5,,
74.0,False,37.15.1,1937,True,https://images.metmuseum.org/CRDImages/ad/original/110314.jpg,https://images.metmuseum.org/CRDImages/ad/web-large/110314.jpg,The American Wing,Andiron,Andiron,,,,,,,,,,,,,,,,,,1770–1800,1770.0,1800.0,Iron,30 3/4 x 28 in. (78.1 x 71.1 cm),"Purchase, The Sylmaris Collection, Gift of George Coe Graves, by exchange, 1937",,,,,,,,,,,,,,,2021-04-06T04:41:04.967Z,"Metropolitan Museum of Art, New York, NY",https://www.metmuseum.org/art/collection/search/74,,False,,164285.0,Maker,Pierre Stephan,http://vocab.getty.edu/page/ulan/500100483,,,Overall,,,Men,http://vocab.getty.edu/page/aat/300025928,https://www.wikidata.org/wiki/Q8441,,30.5,,
75.0,False,37.15.2,1937,True,https://images.metmuseum.org/CRDImages/ad/original/110314.jpg,https://images.metmuseum.org/CRDImages/ad/web-large/110314.jpg,The American Wing,Andiron,Andiron,,,,,,,,,,,,,,,,,,1770–1800,1770.0,1800.0,Iron,30 3/4 x 28 in. (78.1 x 71.1 cm),"Purchase, The Sylmaris Collection, Gift of George Coe Graves, by exchange, 1937",,,,,,,,,,,,,,,2021-04-06T04:41:04.967Z,"Metropolitan Museum of Art, New York, NY",https://www.metmuseum.org/art/collection/search/75,,False,,164285.0,Maker,Pierre Stephan,http://vocab.getty.edu/page/ulan/500100483,,,Overall,,,Cannons,http://vocab.getty.edu/page/aat/300036936,https://www.wikidata.org/wiki/Q81103,,30.5,,
76.0,False,37.46.1,1937,False,,,The American Wing,Andiron,Andiron,,,,,,,,,,,,,,,,,,1740–60,1740.0,1760.0,"Iron, brass",21 1/4 x 17 3/4 in. (54 x 45.1 cm),"Rogers Fund, 1937",,,,,,,,,,,,,,,2021-04-06T04:41:04.967Z,"Metropolitan Museum of Art, New York, NY",https://www.metmuseum.org/art/collection/search/76,,False,774,164285.0,Maker,Pierre Stephan,http://vocab.getty.edu/page/ulan/500100483,,,Overall,,,Swords,http://vocab.getty.edu/page/aat/300037048,https://www.wikidata.org/wiki/Q12791,,30.5,,
77.0,False,37.46.2,1937,False,,,The American Wing,Andiron,Andiron,,,,,,,,,,,,,,,,,,1740–60,1740.0,1760.0,"Iron, brass",21 1/4 x 17 3/4 in. (54 x 45.1 cm),"Rogers Fund, 1937",,,,,,,,,,,,,,,2021-04-06T04:41:04.967Z,"Metropolitan Museum of Art, New York, NY",https://www.metmuseum.org/art/collection/search/77,,False,774,164285.0,Maker,Pierre Stephan,http://vocab.getty.edu/page/ulan/500100483,,,Overall,,,Men,http://vocab.getty.edu/page/aat/300025928,https://www.wikidata.org/wiki/Q8441,,30.5,,
78.0,False,37.174.1,1937,True,https://images.metmuseum.org/CRDImages/ad/original/113560.jpg,https://images.metmuseum.org/CRDImages/ad/web-large/113560.jpg,The American Wing,Andiron,Andiron,,,,,,,,,,,,,,,,,,ca. 1700,1697.0,1700.0,"Brass, iron",17 3/4 x 24 in. (45.1 x 61 cm),"Rogers Fund, 1937",Made in,,,,Spain,,,,,,,,,,2021-04-06T04:41:04.967Z,"Metropolitan Museum of Art, New York, NY",https://www.metmuseum.org/art/collection/search/78,,False,774,164285.0,Maker,Pierre Stephan,http://vocab.getty.edu/page/ulan/500100483,,,Overall,,,Cannons,http://vocab.getty.edu/page/aat/300036936,https://www.wikidata.org/wiki/Q81103,,31.4,,
79.0,False,37.174.2,1937,True,https://images.metmuseum.org/CRDImages/ad/original/113560.jpg,https://images.metmuseum.org/CRDImages/ad/web-large/113560.jpg,The American Wing,Andiron,Andiron,,,,,,,,,,,,,,,,,,ca. 1700,1697.0,1700.0,"Brass, iron",17 3/4 x 24 in. (45.1 x 61 cm),"Rogers Fund, 1937",Made in,,,,Spain,,,,,,,,,,2021-04-06T04:41:04.967Z,"Metropolitan Museum of Art, New York, NY",https://www.metmuseum.org/art/collection/search/79,,False,774,164285.0,Maker,Pierre Stephan,http://vocab.getty.edu/page/ulan/500100483,,,Overall,,,Swords,http://vocab.getty.edu/page/aat/300037048,https://www.wikidata.org/wiki/Q12791,,31.4,,
80.0,False,39.184.46,1939,True,https://images.metmuseum.org/CRDImages/ad/original/120114.jpg,https://images.metmuseum.org/CRDImages/ad/web-large/120114.jpg,The American Wing,Andiron,Andiron,,,,,,,,,,,,,,,,,,1760–80,1760.0,1780.0,"Brass, iron",25 1/2 x 22 1/4 x 13 1/2 in. (64.8 x 56.5 x 34.3 cm),"Gift of James DeLancey Verplanck and John Bayard Rodgers Verplanck,  1939",Probably made in,New York,New York,,United States,Mid-Atlantic,,,,,,,,,2021-04-06T04:41:04.967Z,"Metropolitan Museum of Art, New York, NY",https://www.metmuseum.org/art/collection/search/80,,False,718,164285.0,Maker,Pierre Stephan,http://vocab.getty.edu/page/ulan/500100483,,,Overall,,,Men,http://vocab.getty.edu/page/aat/300025928,https://www.wikidata.org/wiki/Q8441,,31.4,,
81.0,False,39.184.47,1939,True,https://images.metmuseum.org/CRDImages/ad/original/120114.jpg,https://images.metmuseum.org/CRDImages/ad/web-large/120114.jpg,The American Wing,Andiron,Andiron,,,,,,,,,,,,,,,,,,1760–80,1760.0,1780.0,"Brass, iron",25 1/2 x 22 1/4 x 13 1/2 in. (64.8 x 56.5 x 34.3 cm),"Gift of James DeLancey Verplanck and John Bayard Rodgers Verplanck,  1939",,,,,,,,,,,,,,,2021-04-06T04:41:04.967Z,"Metropolitan Museum of Art, New York, NY",https://www.metmuseum.org/art/collection/search/81,,False,718,164285.0,Maker,Pierre Stephan,http://vocab.getty.edu/page/ulan/500100483,,,Overall,,,Admirals,http://vocab.getty.edu/page/aat/300236014,https://www.wikidata.org/wiki/Q132851,,31.4,,
84.0,False,41.160.340,1941,False,,,The American Wing,Andiron,Andiron,,,,,,,,,,,,,,,,,,1800–1850,1800.0,1850.0,Brass,16 1/8 x 15 1/4 x 8 1/8 in. (41 x 38.7 x 20.6 cm),"Bequest of W. Gedney Beatty, 1941",,,,,,,,,,,,,,,2021-04-06T04:41:04.967Z,"Metropolitan Museum of Art, New York, NY",https://www.metmuseum.org/art/collection/search/84,,False,774,,,,,,,Overall,,,Advertisements,http://vocab.getty.edu/page/aat/300193993,https://www.wikidata.org/wiki/Q39911916,,27.9,22.86,
85.0,False,41.160.341,1941,False,,,The American Wing,Andiron,Andiron,,,,,,,,,,,,,,,,,,1800–1850,1800.0,1850.0,Brass,16 1/8 x 15 1/4 x 8 1/8 in. (41 x 38.7 x 20.6 cm),"Bequest of W. Gedney Beatty, 1941",,,,,,,,,,,,,,,2021-04-06T04:41:04.967Z,"Metropolitan Museum of Art, New York, NY",https://www.metmuseum.org/art/collection/search/85,,False,774,1087.0,Maker,New England Glass Company,http://vocab.getty.edu/page/ulan/500356007,https://www.wikidata.org/wiki/Q17083157,,Other,,7.62,,,,,16.6688,,
86.0,False,41.160.344,1941,True,https://images.metmuseum.org/CRDImages/ad/original/127219.jpg,https://images.metmuseum.org/CRDImages/ad/web-large/127219.jpg,The American Wing,Andiron,Andiron,,,,,,,,,,,,,,,,,,1730–70,1730.0,1770.0,Brass,19 1/4 x 19 1/2 x 11 3/4 in. (48.9 x 49.5 x 29.8 cm),"Bequest of W. Gedney Beatty, 1941",,,,,,,,,,,,,,,2021-04-06T04:41:04.967Z,"Metropolitan Museum of Art, New York, NY",https://www.metmuseum.org/art/collection/search/86,,False,774,162584.0,Maker,Union Glass Company,,,,Other,,7.4613,,,,,15.875,,
87.0,False,41.160.345,1941,True,https://images.metmuseum.org/CRDImages/ad/original/127219.jpg,https://images.metmuseum.org/CRDImages/ad/web-large/127219.jpg,The American Wing,Andiron,Andiron,,,,,,,,,,,,,,,,,,1730–70,1730.0,1770.0,Brass,19 1/4 x 19 1/2 x 11 3/4 in. (48.9 x 49.5 x 29.8 cm),"Bequest of W. Gedney Beatty, 1941",,,,,,,,,,,,,,,2021-04-06T04:41:04.967Z,"Metropolitan Museum of Art, New York, NY",https://www.metmuseum.org/art/collection/search/87,,False,774,,,,,,,Overall,,,,,,35.2426,78.4,63.5,
88.0,False,41.160.346,1941,True,https://images.metmuseum.org/CRDImages/ad/original/126248.jpg,https://images.metmuseum.org/CRDImages/ad/web-large/126248.jpg,The American Wing,Andiron,Andiron,,,,,,,,,,,,,,,,,,1770–1800,1770.0,1800.0,Brass,20 3/4 x 19 1/2 x 11 3/4 in. (52.7 x 49.5 x 29.8 cm),"Bequest of W. Gedney Beatty, 1941",,,,,,,,,,,,,,,2021-04-06T04:41:04.967Z,"Metropolitan Museum of Art, New York, NY",https://www.metmuseum.org/art/collection/search/88,,False,774,,,,,,,Overall,,,,,,35.2,78.4227,63.5,
89.0,False,41.160.347,1941,True,https://images.metmuseum.org/CRDImages/ad/original/126248.jpg,https://images.metmuseum.org/CRDImages/ad/web-large/126248.jpg,The American Wing,Andiron,Andiron,,,,,,,,,,,,,,,,,,1770–1800,1770.0,1800.0,Brass,20 3/4 x 19 1/2 x 11 3/4 in. (52.7 x 49.5 x 29.8 cm),"Bequest of W. Gedney Beatty, 1941",,,,,,,,,,,,,,,2021-04-06T04:41:04.967Z,"Metropolitan Museum of Art, New York, NY",https://www.metmuseum.org/art/collection/search/89,,False,774,,,,,,,Overall,,,,,,,68.5801,,
90.0,False,41.160.372,1941,True,https://images.metmuseum.org/CRDImages/ad/original/127239.jpg,https://images.metmuseum.org/CRDImages/ad/web-large/127239.jpg,The American Wing,Andiron,Andiron,,,,,,,,,,,,,,,,,,1770–1830,1770.0,1830.0,Brass,18 3/4 x 17 in. (47.6 x 43.2 cm),"Bequest of W. Gedney Beatty, 1941",,,,,,,,,,,,,,,2021-04-06T04:41:04.967Z,"Metropolitan Museum of Art, New York, NY",https://www.metmuseum.org/art/collection/search/90,,False,774,,,,,,,Overall,,,,,,,68.5801,,
91.0,False,41.160.373,1941,True,https://images.metmuseum.org/CRDImages/ad/original/127239.jpg,https://images.metmuseum.org/CRDImages/ad/web-large/127239.jpg,The American Wing,Andiron,Andiron,,,,,,,,,,,,,,,,,,1770–1830,1770.0,1830.0,Brass,18 3/4 x 17 in. (47.6 x 43.2 cm),"Bequest of W. Gedney Beatty, 1941",,,,,,,,,,,,,,,2021-04-06T04:41:04.967Z,"Metropolitan Museum of Art, New York, NY",https://www.metmuseum.org/art/collection/search/91,,False,774,,,,,,,Overall,,,,,,,40.6401,,
92.0,False,46.67.126,1946,True,https://images.metmuseum.org/CRDImages/ad/original/DP-16170-029.jpg,https://images.metmuseum.org/CRDImages/ad/web-large/DP-16170-029.jpg,The American Wing,Andiron,Andiron,American,,,,,,,,,,,,,,,,,1795–1815,1795.0,1815.0,"Brass, iron",23 1/4 x 23 1/2 in. (59.1 x 59.7 cm),"Gift of the Members of the Committee of the Bertha King Benkard Memorial Fund, 1946",Made in,New York,New York,,United States,Mid-Atlantic,,,,,,,,,2021-04-06T04:41:04.967Z,"Metropolitan Museum of Art, New York, NY",https://www.metmuseum.org/art/collection/search/92,,False,729,,,,,,,Overall,,,,,,,40.6401,,
93.0,False,46.67.127,1946,True,https://images.metmuseum.org/CRDImages/ad/original/138510.jpg,https://images.metmuseum.org/CRDImages/ad/web-large/138510.jpg,The American Wing,Andiron,Andiron,American,,,,,,,,,,,,,,,,,1795–1815,1795.0,1815.0,"Brass, iron",23 1/4 x 23 1/2 in. (59.1 x 59.7 cm),"Gift of the Members of the Committee of the Bertha King Benkard Memorial Fund, 1946",Made in,New York,New York,,United States,Mid-Atlantic,,,,,,,,,2021-04-06T04:41:04.967Z,"Metropolitan Museum of Art, New York, NY",https://www.metmuseum.org/art/collection/search/93,,False,729,,,,,,,Overall,,,,,,,43.1801,,
94.0,False,47.137.1,1947,True,https://images.metmuseum.org/CRDImages/ad/original/139865.jpg,https://images.metmuseum.org/CRDImages/ad/web-large/139865.jpg,The American Wing,Andiron,Andiron,,,,,,,,,,,,,,,,,,1700–1800,1700.0,1800.0,Iron,21 x 15 3/4 in. (53.3 x 40 cm),"Gift of Mrs. J. Insley Blair, 1947",,,,,,,,,,,,,,,2021-04-06T04:41:04.967Z,"Metropolitan Museum of Art, New York, NY",https://www.metmuseum.org/art/collection/search/94,,False,,,,,,,,Overall,,,,,,,43.1801,,
95.0,False,47.137.2,1947,True,https://images.metmuseum.org/CRDImages/ad/original/139865.jpg,https://images.metmuseum.org/CRDImages/ad/web-large/139865.jpg,The American Wing,Andiron,Andiron,,,,,,,,,,,,,,,,,,1700–1800,1700.0,1800.0,Iron,21 x 15 3/4 in. (53.3 x 40 cm),"Gift of Mrs. J. Insley Blair, 1947",,,,,,,,,,,,,,,2021-04-06T04:41:04.967Z,"Metropolitan Museum of Art, New York, NY",https://www.metmuseum.org/art/collection/search/95,,False,,,,,,,,Overall,,,Human Figures,http://vocab.getty.edu/page/aat/300404114,https://www.wikidata.org/wiki/Q5937779,,29.2101,,
96.0,False,48.135.107,1948,False,,,The American Wing,Andiron,Andiron,,,,,,,,,,,,,,,,,,1700–1800,1700.0,1800.0,"Brass, iron",23 1/4 x 18 1/4 in. (59.1 x 46.4 cm),"Bequest of Adeline R. Brown, 1947",,,,,,,,,,,,,,,2021-04-06T04:41:04.967Z,"Metropolitan Museum of Art, New York, NY",https://www.metmuseum.org/art/collection/search/96,,False,774,,,,,,,Overall,,,Human Figures,http://vocab.getty.edu/page/aat/300404114,https://www.wikidata.org/wiki/Q5937779,,29.2101,,
97.0,False,48.135.108,1948,False,,,The American Wing,Andiron,Andiron,,,,,,,,,,,,,,,,,,1700–1800,1700.0,1800.0,"Brass, iron",23 1/4 x 18 1/4 in. (59.1 x 46.4 cm),"Bequest of Adeline R. Brown, 1947",,,,,,,,,,,,,,,2021-04-06T04:41:04.967Z,"Metropolitan Museum of Art, New York, NY",https://www.metmuseum.org/art/collection/search/97,,False,774,,,,,,,Overall,,,,,,,41.9101,,
98.0,False,48.158.2,1948,False,,,The American Wing,Andiron,Andiron,,,,,,,,,,,,,,,,,,1800–1900,1800.0,1900.0,"Brass, steel",11 3/8 x 14 1/2 x 12 in. (28.9 x 36.8 x 30.5 cm),"Gift of Mrs. J. Insley Blair, 1948",,,,,,,,,,,,,,,2021-04-06T04:41:04.967Z,"Metropolitan Museum of Art, New York, NY",https://www.metmuseum.org/art/collection/search/98,,False,774,,,,,,,Overall,,,,,,,41.9101,,
99.0,False,48.158.3,1948,False,,,The American Wing,Andiron,Andiron,,,,,,,,,,,,,,,,,,1800–1900,1800.0,1900.0,"Brass, steel",11 3/8 x 14 1/2 x 12 in. (28.9 x 36.8 x 30.5 cm),"Gift of Mrs. J. Insley Blair, 1948",,,,,,,,,,,,,,,2021-04-06T04:41:04.967Z,"Metropolitan Museum of Art, New York, NY",https://www.metmuseum.org/art/collection/search/99,,False,774,,,,,,,Overall,,,,,,,58.4201,,
100.0,False,49.73.4,1949,True,https://images.metmuseum.org/CRDImages/ad/original/144703.jpg,https://images.metmuseum.org/CRDImages/ad/web-large/144703.jpg,The American Wing,Andiron,Andiron,American or British,,,,,,,,,,,,,,,,,1700–1800,1700.0,1800.0,Iron,18 3/4 x 17 1/2 x 10 3/4 in. (47.6 x 44.5 x 27.3 cm),"Gift of Mrs. J. Insley Blair, 1949",Possibly made in,,,,England,,,,,,,,,,2021-04-06T04:41:04.967Z,"Metropolitan Museum of Art, New York, NY",https://www.metmuseum.org/art/collection/search/100,,False,774,,,,,,,Overall,,,,,,,58.4201,,
101.0,False,49.73.5,1949,True,https://images.metmuseum.org/CRDImages/ad/original/144703.jpg,https://images.metmuseum.org/CRDImages/ad/web-large/144703.jpg,The American Wing,Andiron,Andiron,American or British,,,,,,,,,,,,,,,,,1700–1800,1700.0,1800.0,Iron,18 3/4 x 17 1/2 x 10 3/4 in. (47.6 x 44.5 x 27.3 cm),"Gift of Mrs. J. Insley Blair, 1949",Possibly made in,,,,England,,,,,,,,,,2021-04-06T04:41:04.967Z,"Metropolitan Museum of Art, New York, NY",https://www.metmuseum.org/art/collection/search/101,,False,774,,,,,,,Overall,,,,,,,40.6401,,
102.0,False,1971.180.62a,1971,True,https://images.metmuseum.org/CRDImages/ad/original/197726.jpg,https://images.metmuseum.org/CRDImages/ad/web-large/197726.jpg,The American Wing,Andiron,Andiron,,,,,,,,,,,,,,,,,,1790–1820,1790.0,1820.0,"Brass, iron",22 1/2 x 27 x 13 in. (57.2 x 68.6 x 33 cm),"Bequest of Flora E. Whiting, 1971",,,,,,,,,,,,,,,2021-04-06T04:41:04.967Z,"Metropolitan Museum of Art, New York, NY",https://www.metmuseum.org/art/collection/search/102,,False,774,,,,,,,Overall,,,,,,,40.6401,,
103.0,False,1971.180.62b,1971,True,https://images.metmuseum.org/CRDImages/ad/original/197727.jpg,https://images.metmuseum.org/CRDImages/ad/web-large/197727.jpg,The American Wing,Andiron,Andiron,,,,,,,,,,,,,,,,,,1790–1820,1790.0,1820.0,"Brass, iron",22 1/2 x 27 x 13 in. (57.2 x 68.6 x 33 cm),"Bequest of Flora E. Whiting, 1971",,,,,,,,,,,,,,,2021-04-06T04:41:04.967Z,"Metropolitan Museum of Art, New York, NY",https://www.metmuseum.org/art/collection/search/103,,False,774,,,,,,,Overall,,,,,,,57.1501,58.4,
104.0,False,1980.499.4,1980,True,https://images.metmuseum.org/CRDImages/ad/original/224534.jpg,https://images.metmuseum.org/CRDImages/ad/web-large/224534.jpg,The American Wing,Andiron,Andiron,,,,,,,,,,,,,,,,,,1700–1800,1700.0,1800.0,Wrought iron,24 x 11 1/2 x 16 in. (61 x 29.2 x 40.6 cm),"Gift of Mrs. Eleanor G. Sargent, 1980",,,,,,,,,,,,,,,2021-04-06T04:41:04.967Z,"Metropolitan Museum of Art, New York, NY",https://www.metmuseum.org/art/collection/search/104,,False,774,,,,,,,Overall,,,,,,,57.2,58.4201,
105.0,False,1980.499.5,1980,True,https://images.metmuseum.org/CRDImages/ad/original/224534.jpg,https://images.metmuseum.org/CRDImages/ad/web-large/224534.jpg,The American Wing,Andiron,Andiron,,,,,,,,,,,,,,,,,,1700–1800,1700.0,1800.0,Wrought iron,24 x 11 1/2 x 16 in. (61 x 29.2 x 40.6 cm),"Gift of Mrs. Eleanor G. Sargent, 1980",,,,,,,,,,,,,,,2021-04-06T04:41:04.967Z,"Metropolitan Museum of Art, New York, NY",https://www.metmuseum.org/art/collection/search/105,,False,774,,,,,,,Overall,,,,,,34.3,64.1,54.6101,
106.0,False,1984.134.1,1984,True,https://images.metmuseum.org/CRDImages/ad/original/235820.jpg,https://images.metmuseum.org/CRDImages/ad/web-large/235820.jpg,The American Wing,Andiron,Andiron,American,,,,,,,,,,,,,,,,,ca. 1800,1797.0,1800.0,Brass,H. 22 1/2 in. (57.2 cm); Diam. 29 in. (73.7 cm),"Friends of the American Wing Fund, 1984",Made in,New York,New York,,United States,Mid-Atlantic,,,,,,,,,2021-04-06T04:41:04.967Z,"Metropolitan Museum of Art, New York, NY",https://www.metmuseum.org/art/collection/search/106,,False,774,,,,,,,Overall,,,,,,34.3,64.1,54.6101,
107.0,False,1984.134.2,1984,True,https://images.metmuseum.org/CRDImages/ad/original/235820.jpg,https://images.metmuseum.org/CRDImages/ad/web-large/235820.jpg,The American Wing,Andiron,Andiron,American,,,,,,,,,,,,,,,,,ca. 1800,1797.0,1800.0,Brass,H. 22 1/2 in. (57.2 cm); Diam. 29 in. (73.7 cm),"Friends of the American Wing Fund, 1984",Probably made in,New York,New York,,United States,Mid-Atlantic,,,,,,,,,2021-04-06T04:41:04.967Z,"Metropolitan Museum of Art, New York, NY",https://www.metmuseum.org/art/collection/search/107,,False,774,,,,,,,Overall,,,,,,,59.6901,,
108.0,False,1989.120.1,1989,True,https://images.metmuseum.org/CRDImages/ad/original/248479.jpg,https://images.metmuseum.org/CRDImages/ad/web-large/248479.jpg,The American Wing,Andiron,Andiron,American,,,,,Maker,,John Bailey,"American, active New York, 1736–1815",,"Bailey, John",American,1736,1815,,,,1792–1814,1792.0,1814.0,Brass and iron,16 1/8 x 10 x 14 7/8 in. (41 x 25.4 x 37.8 cm),"Purchase, Mr. and Mrs. George M. Kaufman Gift, 1989",Made in,New York,New York,,United States,Mid-Atlantic,,,,,,,,,2021-04-06T04:41:04.967Z,"Metropolitan Museum of Art, New York, NY",https://www.metmuseum.org/art/collection/search/108,,False,774,,,,,,,Overall,,,,,,,59.6901,,
,,,,,,,,,,,,,,,,,,,,,,,,,,,,,,,,,,,,,,,,,,,,,,,,,,,,,,,,,,,Overall,,,,,,34.3,47.0,56.5151,
,,,,,,,,,,,,,,,,,,,,,,,,,,,,,,,,,,,,,,,,,,,,,,,,,,,,,,,,,,,Overall,,,,,,34.2901,47.0,56.5,
,,,,,,,,,,,,,,,,,,,,,,,,,,,,,,,,,,,,,,,,,,,,,,,,,,,,,,,,,,,Overall,,,,,,34.2901,53.3,53.3,
,,,,,,,,,,,,,,,,,,,,,,,,,,,,,,,,,,,,,,,,,,,,,,,,,,,,,,,,,,,Overall,,,,,,34.3,53.3,53.3401,
,,,,,,,,,,,,,,,,,,,,,,,,,,,,,,,,,,,,,,,,,,,,,,,,,,,,,,,,,,,Overall,,,,,,,78.1,71.1201,
,,,,,,,,,,,,,,,,,,,,,,,,,,,,,,,,,,,,,,,,,,,,,,,,,,,,,,,,,,,Overall,,,,,,,78.1,71.1201,
,,,,,,,,,,,,,,,,,,,,,,,,,,,,,,,,,,,,,,,,,,,,,,,,,,,,,,,,,,,Overall,,,,,,,54.0,45.0851,
,,,,,,,,,,,,,,,,,,,,,,,,,,,,,,,,,,,,,,,,,,,,,,,,,,,,,,,,,,,Overall,,,,,,,54.0,45.0851,
,,,,,,,,,,,,,,,,,,,,,,,,,,,,,,,,,,,,,,,,,,,,,,,,,,,,,,,,,,,Overall,,,,,,,45.0851,61.0,
,,,,,,,,,,,,,,,,,,,,,,,,,,,,,,,,,,,,,,,,,,,,,,,,,,,,,,,,,,,Overall,,,,,,,45.1,60.9601,
,,,,,,,,,,,,,,,,,,,,,,,,,,,,,,,,,,,,,,,,,,,,,,,,,,,,,,,,,,,Overall,,,,,,34.3,64.8,56.5151,
,,,,,,,,,,,,,,,,,,,,,,,,,,,,,,,,,,,,,,,,,,,,,,,,,,,,,,,,,,,Overall,,,,,,34.3,64.8,56.5151,
,,,,,,,,,,,,,,,,,,,,,,,,,,,,,,,,,,,,,,,,,,,,,,,,,,,,,,,,,,,Overall,,,,,,20.6,41.0,38.7351,
,,,,,,,,,,,,,,,,,,,,,,,,,,,,,,,,,,,,,,,,,,,,,,,,,,,,,,,,,,,Overall,,,,,,20.6375,41.0,38.7,
,,,,,,,,,,,,,,,,,,,,,,,,,,,,,,,,,,,,,,,,,,,,,,,,,,,,,,,,,,,Overall,,,,,,29.8451,48.9,49.5,
,,,,,,,,,,,,,,,,,,,,,,,,,,,,,,,,,,,,,,,,,,,,,,,,,,,,,,,,,,,Overall,,,,,,29.8,48.9,49.5301,
,,,,,,,,,,,,,,,,,,,,,,,,,,,,,,,,,,,,,,,,,,,,,,,,,,,,,,,,,,,Overall,,,,,,29.8451,52.7,49.5,
,,,,,,,,,,,,,,,,,,,,,,,,,,,,,,,,,,,,,,,,,,,,,,,,,,,,,,,,,,,Overall,,,,,,29.8,52.7,49.5301,
,,,,,,,,,,,,,,,,,,,,,,,,,,,,,,,,,,,,,,,,,,,,,,,,,,,,,,,,,,,Overall,,,,,,,47.6,43.1801,
,,,,,,,,,,,,,,,,,,,,,,,,,,,,,,,,,,,,,,,,,,,,,,,,,,,,,,,,,,,Overall,,,,,,,47.6,43.1801,
,,,,,,,,,,,,,,,,,,,,,,,,,,,,,,,,,,,,,,,,,,,,,,,,,,,,,,,,,,,Overall,,,Birds,http://vocab.getty.edu/page/aat/300266506,https://www.wikidata.org/wiki/Q5113,,59.1,59.6901,
,,,,,,,,,,,,,,,,,,,,,,,,,,,,,,,,,,,,,,,,,,,,,,,,,,,,,,,,,,,Overall,,,Birds,http://vocab.getty.edu/page/aat/300266506,https://www.wikidata.org/wiki/Q5113,,59.1,59.6901,
,,,,,,,,,,,,,,,,,,,,,,,,,,,,,,,,,,,,,,,,,,,,,,,,,,,,,,,,,,,Overall,,,Birds,http://vocab.getty.edu/page/aat/300266506,https://www.wikidata.org/wiki/Q5113,,59.1,59.6901,
,,,,,,,,,,,,,,,,,,,,,,,,,,,,,,,,,,,,,,,,,,,,,,,,,,,,,,,,,,,Overall,,,,,,,53.3,40.0051,
,,,,,,,,,,,,,,,,,,,,,,,,,,,,,,,,,,,,,,,,,,,,,,,,,,,,,,,,,,,Overall,,,,,,,53.3,40.0051,
,,,,,,,,,,,,,,,,,,,,,,,,,,,,,,,,,,,,,,,,,,,,,,,,,,,,,,,,,,,Overall,,,,,,,59.1,46.3551,
,,,,,,,,,,,,,,,,,,,,,,,,,,,,,,,,,,,,,,,,,,,,,,,,,,,,,,,,,,,Overall,,,,,,,59.1,46.3551,
,,,,,,,,,,,,,,,,,,,,,,,,,,,,,,,,,,,,,,,,,,,,,,,,,,,,,,,,,,,Overall,,,,,,30.5,28.9,36.8301,
,,,,,,,,,,,,,,,,,,,,,,,,,,,,,,,,,,,,,,,,,,,,,,,,,,,,,,,,,,,Overall,,,,,,30.5,28.9,36.8301,
,,,,,,,,,,,,,,,,,,,,,,,,,,,,,,,,,,,,,,,,,,,,,,,,,,,,,,,,,,,Overall,,,,,,27.3,47.6251,44.5,
,,,,,,,,,,,,,,,,,,,,,,,,,,,,,,,,,,,,,,,,,,,,,,,,,,,,,,,,,,,Overall,,,,,,27.3,47.6,44.4501,
,,,,,,,,,,,,,,,,,,,,,,,,,,,,,,,,,,,,,,,,,,,,,,,,,,,,,,,,,,,Overall,,,,,,33.0,57.2,68.5801,
,,,,,,,,,,,,,,,,,,,,,,,,,,,,,,,,,,,,,,,,,,,,,,,,,,,,,,,,,,,Overall,,,,,,33.0201,57.2,68.6,
,,,,,,,,,,,,,,,,,,,,,,,,,,,,,,,,,,,,,,,,,,,,,,,,,,,,,,,,,,,Overall,,,,,,40.6,61.0,29.2101,
,,,,,,,,,,,,,,,,,,,,,,,,,,,,,,,,,,,,,,,,,,,,,,,,,,,,,,,,,,,Overall,,,,,,40.6,61.0,29.2101,
,,,,,,,,,,,,,,,,,,,,,,,,,,,,,,,,,,,,,,,,,,,,,,,,,,,,,,,,,,,Overall,,,,,,,57.2,73.7,
,,,,,,,,,,,,,,,,,,,,,,,,,,,,,,,,,,,,,,,,,,,,,,,,,,,,,,,,,,,Other,Object diameter,73.7,,,,,,,
,,,,,,,,,,,,,,,,,,,,,,,,,,,,,,,,,,,,,,,,,,,,,,,,,,,,,,,,,,,Other,Object diameter,73.7,,,,,,,
,,,,,,,,,,,,,,,,,,,,,,,,,,,,,,,,,,,,,,,,,,,,,,,,,,,,,,,,,,,Overall,,,,,,,57.2,73.7,
,,,,,,,,,,,,,,,,,,,,,,,,,,,,,,,,,,,,,,,,,,,,,,,,,,,,,166052.0,Maker,John Bailey,,,,Overall,,,,,,37.8,41.0,25.4001,
